"PackageId","CurrentVersion","LatestVersion","GitHubOwner","GitHubRepo","GitHubUrl","InstallerUrl","ManifestPath"
"OpenGMK.GM8Decompiler.GNU","2.1.1","2.2.0","OpenGMK","GM8Decompiler","https://github.com/OpenGMK/GM8Decompiler","https://github.com/OpenGMK/GM8Decompiler/releases/download/v2.1.1/gm8decompiler-v2.1.1-i686-pc-windows-gnu.zip","\manifests\o\OpenGMK\GM8Decompiler\GNU\2.1.1\OpenGMK.GM8Decompiler.GNU.installer.yaml"
"M2Team.NanaZip.Preview","5.1.1263.0","5.0.1263.0","M2Team","NanaZip","https://github.com/M2Team/NanaZip","https://github.com/M2Team/NanaZip/releases/download/5.1.1263.0/NanaZipPreview_5.1.1263.0.msixbundle","\manifests\m\M2Team\NanaZip\Preview\5.1.1263.0\M2Team.NanaZip.Preview.installer.yaml"
"LovettSoftware.MyMoney.Net","2.0.1.10","2.1.0.49","MoneyTools","MyMoney.Net","https://github.com/MoneyTools/MyMoney.Net","https://github.com/MoneyTools/MyMoney.Net/releases/download/2.0.1.10/MoneyPackage_2.0.1.10_AnyCPU.msixbundle","\manifests\l\LovettSoftware\MyMoney\Net\2.0.1.10\LovettSoftware.MyMoney.Net.installer.yaml"
"CubicSDR.CubicSDR","0.2.5","0.2.7","cjcliffe","CubicSDR","https://github.com/cjcliffe/CubicSDR","https://github.com/cjcliffe/CubicSDR/releases/download/0.2.5/CubicSDR-0.2.5-win64.exe","\manifests\c\CubicSDR\CubicSDR\0.2.5\CubicSDR.CubicSDR.installer.yaml"
"NelsonNumericalSoftware.Nelson","1.13.0.4854","1.13.0","nelson-lang","nelson","https://github.com/nelson-lang/nelson","https://github.com/nelson-lang/nelson/releases/download/v1.13.0/Nelson-1.13.0.4854-x86-64.exe","\manifests\n\NelsonNumericalSoftware\Nelson\1.13.0.4854\NelsonNumericalSoftware.Nelson.installer.yaml"
"GeoDa.GeoDa","1.22","1.22.0.14","GeoDaCenter","geoda","https://github.com/GeoDaCenter/geoda","https://github.com/GeoDaCenter/geoda/releases/download/v1.22.0.14/GeoDa-Windows7+-x64-installer.zip","\manifests\g\GeoDa\GeoDa\1.22\GeoDa.GeoDa.installer.yaml"
"krzys-h.UndertaleModTool","0.6.1.0","0.7.0.0","krzys-h","UndertaleModTool","https://github.com/krzys-h/UndertaleModTool","https://github.com/krzys-h/UndertaleModTool/releases/download/0.6.1.0/UndertaleModTool_v0.6.1.0.zip","\manifests\k\krzys-h\UndertaleModTool\0.6.1.0\krzys-h.UndertaleModTool.installer.yaml"
"Microsoft.WindowsTerminal.Preview","1.23.10732.0","1.22.10731.0","microsoft","terminal","https://github.com/microsoft/terminal","https://github.com/microsoft/terminal/releases/download/v1.23.10732.0/Microsoft.WindowsTerminalPreview_1.23.10732.0_8wekyb3d8bbwe.msixbundle","\manifests\m\Microsoft\WindowsTerminal\Preview\1.23.10732.0\Microsoft.WindowsTerminal.Preview.installer.yaml"
"InkStitch.InkStitch","3.0.1","3.1.0","inkstitch","inkstitch","https://github.com/inkstitch/inkstitch","https://github.com/inkstitch/inkstitch/releases/download/v3.0.1/inkstitch-v3.0.1-windows.exe","\manifests\i\InkStitch\InkStitch\3.0.1\InkStitch.InkStitch.installer.yaml"
"oxen-io.lokinet","0.9.11","0.9.13","oxen-io","lokinet","https://github.com/oxen-io/lokinet","https://github.com/oxen-io/lokinet/releases/download/v0.9.11/lokinet-0.9.11-win64.exe","\manifests\o\oxen-io\lokinet\0.9.11\oxen-io.lokinet.installer.yaml"
"mesonbuild.meson","1.7.0","1.7.1","mesonbuild","meson","https://github.com/mesonbuild/meson","https://github.com/mesonbuild/meson/releases/download/1.7.0/meson-1.7.0-64.msi","\manifests\m\mesonbuild\meson\1.7.0\mesonbuild.meson.installer.yaml"
"Creality.CrealityPrint","6.0.5","6.1.0","CrealityOfficial","CrealityPrint","https://github.com/CrealityOfficial/CrealityPrint","https://github.com/CrealityOfficial/CrealityPrint/releases/download/v6.0.5/CrealityPrint_6.0.5.1840_Release.exe","\manifests\c\Creality\CrealityPrint\6.0.5\Creality.CrealityPrint.installer.yaml"
"Scorpio.stools","1.0.1","1.0.2","qingfeng346","stools","https://github.com/qingfeng346/stools","https://github.com/qingfeng346/stools/releases/download/v1.0.1/stools-1.0.1-win-x64.msi","\manifests\s\Scorpio\stools\1.0.1\Scorpio.stools.installer.yaml"
"gileli121.windowtop","5.22.5","5.26","WindowTop","WindowTop-App","https://github.com/WindowTop/WindowTop-App","https://github.com/WindowTop/WindowTop-App/releases/download/v5.22.5/WindowTop.5.22.5.-.setup.exe","\manifests\g\gileli121\windowtop\5.22.5\gileli121.windowtop.installer.yaml"
"Momento.cli","0.46.0","0.47.0","momentohq","momento-cli","https://github.com/momentohq/momento-cli","https://github.com/momentohq/momento-cli/releases/download/v0.46.0/momento-cli-0.46.0.windows_x64.msi","\manifests\m\Momento\cli\0.46.0\Momento.cli.installer.yaml"
"Telegram.Unigram","10.8.0.9930","11.8","UnigramDev","Unigram","https://github.com/UnigramDev/Unigram","https://github.com/UnigramDev/Unigram/releases/download/v10.8/Unigram_10.8.0.9930_x64.msixbundle","\manifests\t\Telegram\Unigram\10.8.0.9930\Telegram.Unigram.installer.yaml"
"Musescore.Musescore","4.4.4.243461245","4.5.1","musescore","MuseScore","https://github.com/musescore/MuseScore","https://github.com/musescore/MuseScore/releases/download/v4.4.4/MuseScore-Studio-4.4.4.243461245-x86_64.msi","\manifests\m\Musescore\Musescore\4.4.4.243461245\Musescore.Musescore.installer.yaml"
"GamaPlatform.Gama","2025.03.0","1.9.3","gama-platform","gama","https://github.com/gama-platform/gama","https://github.com/gama-platform/gama/releases/download/2025.03.0/GAMA_2025.03.0_Windows_with_JDK_18.03.25_5aac32b.exe","\manifests\g\GamaPlatform\Gama\2025.03.0\GamaPlatform.Gama.installer.yaml"
"katahiromz.RisohEditor","5.8.1","5.8.7","katahiromz","RisohEditor","https://github.com/katahiromz/RisohEditor","https://github.com/katahiromz/RisohEditor/releases/download/5.8.1/RisohEditor-5.8.1-installer.exe","\manifests\k\katahiromz\RisohEditor\5.8.1\katahiromz.RisohEditor.installer.yaml"
"Internxt.Drive","2.0.5","2.5.0","internxt","drive-desktop","https://github.com/internxt/drive-desktop","https://github.com/internxt/drive-desktop/releases/download/v2.0.5/Internxt-Drive-Setup-2.0.5.exe","\manifests\i\Internxt\Drive\2.0.5\Internxt.Drive.installer.yaml"
"GiulioSorrentino.Latorredibabele","3.0.2.2","3.0.2","GiulianoSpaghetti","Solitario.Avalonia","https://github.com/GiulianoSpaghetti/Solitario.Avalonia","https://github.com/GiulianoSpaghetti/Solitario.Avalonia/releases/download/3.0.2/Solitario.Avalonia-3.0.2.2-amd64.msi","\manifests\g\GiulioSorrentino\Latorredibabele\3.0.2.2\GiulioSorrentino.Latorredibabele.installer.yaml"
"Octol1ttle.ElyPrismLauncher","8.4","9.2","Octol1ttle","ElyPrismLauncher","https://github.com/Octol1ttle/ElyPrismLauncher","https://github.com/Octol1ttle/ElyPrismLauncher/releases/download/8.4/PrismLauncher-Windows-MSVC-Setup-8.4.exe","\manifests\o\Octol1ttle\ElyPrismLauncher\8.4\Octol1ttle.ElyPrismLauncher.installer.yaml"
"SFTtech.openage","0.4.0","0.6.0","SFTtech","openage","https://github.com/SFTtech/openage","https://github.com/SFTtech/openage/releases/download/v0.4.0/openage-v0.4.0-x86-installer.exe","\manifests\s\SFTtech\openage\0.4.0\SFTtech.openage.installer.yaml"
"huanghongxun.HelloMinecraftLauncher","3.5.7.245","3.6.12","HMCL-dev","HMCL","https://github.com/HMCL-dev/HMCL","https://github.com/HMCL-dev/HMCL/releases/download/v3.5.7.245/HMCL-3.5.7.245.exe","\manifests\h\huanghongxun\HelloMinecraftLauncher\3.5.7.245\huanghongxun.HelloMinecraftLauncher.installer.yaml"
"NhekoReborn.Nheko","0.11.3","0.12.0","Nheko-Reborn","nheko","https://github.com/Nheko-Reborn/nheko","https://github.com/Nheko-Reborn/nheko/releases/download/v0.11.3/nheko-v0.11.3-installer.exe","\manifests\n\NhekoReborn\Nheko\0.11.3\NhekoReborn.Nheko.installer.yaml"
"browsh.browsh","1.8.2","1.8.3","browsh-org","browsh","https://github.com/browsh-org/browsh","https://github.com/browsh-org/browsh/releases/download/v1.8.2/browsh_1.8.2_windows_386.exe","\manifests\b\browsh\browsh\1.8.2\browsh.browsh.installer.yaml"
"PopcornTime.Popcorn-Time","0.4.9","0.5.1","popcorn-official","popcorn-desktop","https://github.com/popcorn-official/popcorn-desktop","https://github.com/popcorn-official/popcorn-desktop/releases/download/v0.4.9/Popcorn-Time-0.4.9-win64-Setup.exe","\manifests\p\PopcornTime\Popcorn-Time\0.4.9\PopcornTime.Popcorn-Time.installer.yaml"
"Telegram.TelegramDesktop.Beta","4.6.4","5.13.1","telegramdesktop","tdesktop","https://github.com/telegramdesktop/tdesktop","https://github.com/telegramdesktop/tdesktop/releases/download/v4.6.4/tsetup-x64.4.6.4.beta.exe","\manifests\t\Telegram\TelegramDesktop\Beta\4.6.4\Telegram.TelegramDesktop.Beta.installer.yaml"
"Bostrot.WSLManager","1.8.14","1.8.15","bostrot","wsl2-distro-manager","https://github.com/bostrot/wsl2-distro-manager","https://github.com/bostrot/wsl2-distro-manager/releases/download/v1.8.14/wsl2-distro-manager-v1.8.14.zip","\manifests\b\Bostrot\WSLManager\1.8.14\Bostrot.WSLManager.installer.yaml"
"RedCodeLabs.easyWSL","0.1.8.0","1.8.0","redcode-labs","easyWSL","https://github.com/redcode-labs/easyWSL","https://github.com/redcode-labs/easyWSL/releases/download/1.8.0/27302RedCodeLabs.easyWSL_0.1.8.0_x64__m9ag49q0nrza2.Msix","\manifests\r\RedCodeLabs\easyWSL\0.1.8.0\RedCodeLabs.easyWSL.installer.yaml"
"Rainmeter.Rainmeter","4.5.21","4.5.21.3816","rainmeter","rainmeter","https://github.com/rainmeter/rainmeter","https://github.com/rainmeter/rainmeter/releases/download/v4.5.21.3816/Rainmeter-4.5.21.exe","\manifests\r\Rainmeter\Rainmeter\4.5.21\Rainmeter.Rainmeter.installer.yaml"
"donkrage.regpack","1.52","1.56","donkrage","regpack","https://github.com/donkrage/regpack","https://github.com/donkrage/regpack/releases/download/1.52/regpack-1.52.exe","\manifests\d\donkrage\regpack\1.52\donkrage.regpack.installer.yaml"
"TeamProwlarr.Prowlarr","1.32.2","1.32.2.4987","Prowlarr","Prowlarr","https://github.com/Prowlarr/Prowlarr","https://github.com/Prowlarr/Prowlarr/releases/download/v1.32.2.4987/Prowlarr.master.1.32.2.4987.windows-core-x86-installer.exe","\manifests\t\TeamProwlarr\Prowlarr\1.32.2\TeamProwlarr.Prowlarr.installer.yaml"
"dnGrep.dnGrep","4.3.3.0","4.4.9.0","dnGrep","dnGrep","https://github.com/dnGrep/dnGrep","https://github.com/dnGrep/dnGrep/releases/download/v4.3.3.0/dnGREP.4.3.3.x86.msi","\manifests\d\dnGrep\dnGrep\4.3.3.0\dnGrep.dnGrep.installer.yaml"
"LinuxSuRen.HTTPdownloader","0.0.89","0.0.98","LinuxSuRen","http-downloader","https://github.com/LinuxSuRen/http-downloader","https://github.com/LinuxSuRen/http-downloader/releases/download/v0.0.89/hd-windows-amd64.msi","\manifests\l\LinuxSuRen\HTTPdownloader\0.0.89\LinuxSuRen.HTTPdownloader.installer.yaml"
"JavaLikeScript.LuaJLS","0.7.3","0.8.2","javalikescript","luajls","https://github.com/javalikescript/luajls","https://github.com/javalikescript/luajls/releases/download/0.7.3/luajls-5.4-x86_64-windows.20230518.zip","\manifests\j\JavaLikeScript\LuaJLS\0.7.3\JavaLikeScript.LuaJLS.installer.yaml"
"mthom.ScryerProlog","0.9.3","0.9.4","mthom","scryer-prolog","https://github.com/mthom/scryer-prolog","https://github.com/mthom/scryer-prolog/releases/download/v0.9.3/scryer-prolog_windows-latest.zip","\manifests\m\mthom\ScryerProlog\0.9.3\mthom.ScryerProlog.installer.yaml"
"Ytmdesktop.Ytmdesktop","2.0.5","2.0.8","ytmdesktop","ytmdesktop","https://github.com/ytmdesktop/ytmdesktop","https://github.com/ytmdesktop/ytmdesktop/releases/download/v2.0.5/YouTube-Music.Desktop.App-2.0.5.Setup.exe","\manifests\y\Ytmdesktop\Ytmdesktop\2.0.5\Ytmdesktop.Ytmdesktop.installer.yaml"
"RevoLand.Steam-Library-Manager","1.7.1","1.7.2.0","RevoLand","Steam-Library-Manager","https://github.com/RevoLand/Steam-Library-Manager","https://github.com/RevoLand/Steam-Library-Manager/releases/download/v1.7.1.0/Steam.Library.Manager.zip","\manifests\r\RevoLand\Steam-Library-Manager\1.7.1\RevoLand.Steam-Library-Manager.installer.yaml"
"FireCubeStudios.WinverUWP","2.1.4.0","2.1.0.0","dongle-the-gadget","WinverUWP","https://github.com/dongle-the-gadget/WinverUWP","https://github.com/dongle-the-gadget/WinverUWP/releases/download/v2.1.0.0/2505FireCubeStudios.WinverUWP_2.1.4.0_neutral_._k45w5yt88e21j.AppxBundle","\manifests\f\FireCubeStudios\WinverUWP\2.1.4.0\FireCubeStudios.WinverUWP.installer.yaml"
"Microsoft.AppInstallerFileBuilder","1.2020.221.0","2.0","microsoft","MSIX-Toolkit","https://github.com/microsoft/MSIX-Toolkit","https://github.com/microsoft/MSIX-Toolkit/releases/download/1.3.4/AppInstallerFileBuilder_1.2020.221.0_x86.msix","\manifests\m\Microsoft\AppInstallerFileBuilder\1.2020.221.0\Microsoft.AppInstallerFileBuilder.installer.yaml"
"Mandelbulber.Mandelbulber","2.31.0.0","2.33","buddhi1980","mandelbulber2","https://github.com/buddhi1980/mandelbulber2","https://github.com/buddhi1980/mandelbulber2/releases/download/2.31-1/Mandelbulber2-v2.31.0.0-Setup.exe","\manifests\m\Mandelbulber\Mandelbulber\2.31.0.0\Mandelbulber.Mandelbulber.installer.yaml"
"KellyElton.Max.Backup","0.1.3","0.1.6.0","kellyelton","MaxBackup","https://github.com/kellyelton/MaxBackup","https://github.com/kellyelton/MaxBackup/releases/download/0.1.3.0/Max.Installer.Package.msi","\manifests\k\KellyElton\Max\Backup\0.1.3\KellyElton.Max.Backup.installer.yaml"
"IsWiX.IsWiX","5.0.53.0","5.2.14","iswix-llc","iswix","https://github.com/iswix-llc/iswix","https://github.com/iswix-llc/iswix/releases/download/v5.0.53.0/IsWiX-5.0.53.0.msi","\manifests\i\IsWiX\IsWiX\5.0.53.0\IsWiX.IsWiX.installer.yaml"
"Armin2208.WindowsAutoNightMode","10.4.1.1","10.4.2.29","AutoDarkMode","Windows-Auto-Night-Mode","https://github.com/AutoDarkMode/Windows-Auto-Night-Mode","https://github.com/AutoDarkMode/Windows-Auto-Night-Mode/releases/download/10.4.1.1/AutoDarkModeX_10.4.1.1.exe","\manifests\a\Armin2208\WindowsAutoNightMode\10.4.1.1\Armin2208.WindowsAutoNightMode.installer.yaml"
"TimVisee.ffsend","0.2.76","0.2.77","timvisee","ffsend","https://github.com/timvisee/ffsend","https://github.com/timvisee/ffsend/releases/download/v0.2.76/ffsend-v0.2.76-windows-x64-static.exe","\manifests\t\TimVisee\ffsend\0.2.76\TimVisee.ffsend.installer.yaml"
"Slackadays.Clipboard","0.9.0.1","0.10.0","Slackadays","Clipboard","https://github.com/Slackadays/Clipboard","https://github.com/Slackadays/Clipboard/releases/download/0.9.0.1/clipboard-windows-amd64.zip","\manifests\s\Slackadays\Clipboard\0.9.0.1\Slackadays.Clipboard.installer.yaml"
"kylon.sharedown","5.3.4","5.3.6","kylon","Sharedown","https://github.com/kylon/Sharedown","https://github.com/kylon/Sharedown/releases/download/5.3.4/sharedown.Setup.5.3.4.exe","\manifests\k\kylon\sharedown\5.3.4\kylon.sharedown.installer.yaml"
"Bililive.BililiveRecorder","1.3.8","2.16.0","Bililive","BililiveRecorder","https://github.com/Bililive/BililiveRecorder","https://github.com/Bililive/BililiveRecorder/releases/download/v1.3.8/BililiveRecorder-WPF-Setup.exe","\manifests\b\Bililive\BililiveRecorder\1.3.8\Bililive.BililiveRecorder.installer.yaml"
"Rubberduck.Rubberduck","2.5.9.6316","2.5.91","rubberduck-vba","Rubberduck","https://github.com/rubberduck-vba/Rubberduck","https://github.com/rubberduck-vba/Rubberduck/releases/download/v2.5.91/Rubberduck.Setup.2.5.9.6316.exe","\manifests\r\Rubberduck\Rubberduck\2.5.9.6316\Rubberduck.Rubberduck.installer.yaml"
"token2.FIDO2Manager","1.2.7","1.2.9","token2","fido2-manage.cpp","https://github.com/token2/fido2-manage.cpp","https://github.com/token2/fido2-manage.cpp/releases/download/1.2.7(C++)/FIDO2.1Manager.1.2.7.Release.zip","\manifests\t\token2\FIDO2Manager\1.2.7\token2.FIDO2Manager.installer.yaml"
"SVZsoft.GEDKeeper","3.7.0","3.9.0","Serg-Norseman","GEDKeeper","https://github.com/Serg-Norseman/GEDKeeper","https://github.com/Serg-Norseman/GEDKeeper/releases/download/v3.7.0/gedkeeper_3.7.0_win86.zip","\manifests\s\SVZsoft\GEDKeeper\3.7.0\SVZsoft.GEDKeeper.installer.yaml"
"TabbyML.Tabby","0.15.0","0.27.0","TabbyML","tabby","https://github.com/TabbyML/tabby","https://github.com/TabbyML/tabby/releases/download/v0.15.0/tabby_x86_64-windows-msvc-cuda122.zip","\manifests\t\TabbyML\Tabby\0.15.0\TabbyML.Tabby.installer.yaml"
"ITDevTeam.UUPMediaCreator","3.0.26.0","3.1.9.3","gus33000","UUPMediaCreator","https://github.com/gus33000/UUPMediaCreator","https://github.com/gus33000/UUPMediaCreator/releases/download/v0.3.0.8-uwp/UUPMediaCreatorPackage_3.0.26.0_x86_x64_arm64.msixbundle","\manifests\i\ITDevTeam\UUPMediaCreator\3.0.26.0\ITDevTeam.UUPMediaCreator.installer.yaml"
"tesseract-ocr.tesseract","5.5.0.20241111","5.5.0","tesseract-ocr","tesseract","https://github.com/tesseract-ocr/tesseract","https://github.com/tesseract-ocr/tesseract/releases/download/5.5.0/tesseract-ocr-w64-setup-5.5.0.20241111.exe","\manifests\t\tesseract-ocr\tesseract\5.5.0.20241111\tesseract-ocr.tesseract.installer.yaml"
"Maxthon.Maxthon","7.2.2.7200","7.3.1.4200","maxthon","update","https://github.com/maxthon/update","https://github.com/maxthon/update/releases/download/7.2.2.7200/maxthon_7.2.2.7200_x86_win7.exe","\manifests\m\Maxthon\Maxthon\7.2.2.7200\Maxthon.Maxthon.installer.yaml"
"Mattermost.Focalboard","7.11.3","8.0.0","mattermost","focalboard","https://github.com/mattermost/focalboard","https://github.com/mattermost/focalboard/releases/download/v7.11.3/focalboard-win.zip","\manifests\m\Mattermost\Focalboard\7.11.3\Mattermost.Focalboard.installer.yaml"
"TheStellaTeam.Stella","6.7.1","7.0","stella-emu","stella","https://github.com/stella-emu/stella","https://github.com/stella-emu/stella/releases/download/6.7.1/Stella-6.7.1-x64.exe","\manifests\t\TheStellaTeam\Stella\6.7.1\TheStellaTeam.Stella.installer.yaml"
"BleuBleu.FamiStudio","4.3.1","4.3.3","BleuBleu","FamiStudio","https://github.com/BleuBleu/FamiStudio","https://github.com/BleuBleu/FamiStudio/releases/download/4.3.1/FamiStudio431-WinInstaller.zip","\manifests\b\BleuBleu\FamiStudio\4.3.1\BleuBleu.FamiStudio.installer.yaml"
"OtfriedCheong.Ipe","7.2.29","7.2.30","otfried","ipe","https://github.com/otfried/ipe","https://github.com/otfried/ipe/releases/download/v7.2.29/ipe-7.2.29-win64.zip","\manifests\o\OtfriedCheong\Ipe\7.2.29\OtfriedCheong.Ipe.installer.yaml"
"qier222.YesPlayMusic","0.4.8","0.4.9","qier222","YesPlayMusic","https://github.com/qier222/YesPlayMusic","https://github.com/qier222/YesPlayMusic/releases/download/v0.4.8-2/YesPlayMusic.Setup.0.4.8.exe","\manifests\q\qier222\YesPlayMusic\0.4.8\qier222.YesPlayMusic.installer.yaml"
"steventhanna.proton","0.2.0","0.2.1","steventhanna","proton","https://github.com/steventhanna/proton","https://github.com/steventhanna/proton/releases/download/v0.2.1/Proton.Setup.0.2.0.exe","\manifests\s\steventhanna\proton\0.2.0\steventhanna.proton.installer.yaml"
"sharkdp.insect","5.7.0","5.9.0","sharkdp","insect","https://github.com/sharkdp/insect","https://github.com/sharkdp/insect/releases/download/v5.7.0/insect-windows-x64.exe","\manifests\s\sharkdp\insect\5.7.0\sharkdp.insect.installer.yaml"
"Status.Status","2.28.0","2.33.1","status-im","status-desktop","https://github.com/status-im/status-desktop","https://github.com/status-im/status-desktop/releases/download/2.28.0/StatusIm-Desktop-v2.28.0-35ec3e-x86_64.exe","\manifests\s\Status\Status\2.28.0\Status.Status.installer.yaml"
"Exploitox.WebRadio","1.0.0.38","1.0.0","valnoxy","WebRadio","https://github.com/valnoxy/WebRadio","https://github.com/valnoxy/WebRadio/releases/download/v1.0.0/WebRadio_1.0.0.38_x64.exe","\manifests\e\Exploitox\WebRadio\1.0.0.38\Exploitox.WebRadio.installer.yaml"
"icsharpcode.ILSpy","9.0.0.7889","9.0","icsharpcode","ILSpy","https://github.com/icsharpcode/ILSpy","https://github.com/icsharpcode/ILSpy/releases/download/v9.0/ILSpy_Installer_9.0.0.7889-x64.msi","\manifests\i\icsharpcode\ILSpy\9.0.0.7889\icsharpcode.ILSpy.installer.yaml"
"idrassi.HashCheckShellExtension","2.5.0.1","2.5.0","idrassi","HashCheck","https://github.com/idrassi/HashCheck","https://github.com/idrassi/HashCheck/releases/download/v2.5.0/HashCheckSetup-v2.5.0.1.exe","\manifests\i\idrassi\HashCheckShellExtension\2.5.0.1\idrassi.HashCheckShellExtension.installer.yaml"
"GiulioSorrentino.wxBriscola","0.6.3.3","0.6.3","GiulianoSpaghetti","wxBriscola-for-Windows","https://github.com/GiulianoSpaghetti/wxBriscola-for-Windows","https://github.com/GiulianoSpaghetti/wxBriscola-for-Windows/releases/download/0.6.3/wxBriscola-0.6.3.3-amd64.msi","\manifests\g\GiulioSorrentino\wxBriscola\0.6.3.3\GiulioSorrentino.wxBriscola.installer.yaml"
"IsaqueS.AventurasDeQuintal","0.8.1","1.0","IsaqueS","Aventuras-de-quintal","https://github.com/IsaqueS/Aventuras-de-quintal","https://github.com/IsaqueS/Aventuras-de-quintal/releases/download/0.8.1/Aventuras.de.quintal.Instalador.Windows.atualizado.msi","\manifests\i\IsaqueS\AventurasDeQuintal\0.8.1\IsaqueS.AventurasDeQuintal.installer.yaml"
"PhapDieuDuong.ExifGlass","1.7.0.0","1.8.0.0","d2phap","ExifGlass","https://github.com/d2phap/ExifGlass","https://github.com/d2phap/ExifGlass/releases/download/1.7.0.0/ExifGlass_1.7.0.0_net8_x64.zip","\manifests\p\PhapDieuDuong\ExifGlass\1.7.0.0\PhapDieuDuong.ExifGlass.installer.yaml"
"mscststs.LANService","1.0.5","0.0.5","mscststs","LANService","https://github.com/mscststs/LANService","https://github.com/mscststs/LANService/releases/download/v0.0.5/LANService.Setup.1.0.5.exe","\manifests\m\mscststs\LANService\1.0.5\mscststs.LANService.installer.yaml"
"feliskio.sleep-timer","1.2.0","2.2.0","feliskio","sleep-timer","https://github.com/feliskio/sleep-timer","https://github.com/feliskio/sleep-timer/releases/download/v1.2.0/Sleep.Timer.Setup.1.2.0.exe","\manifests\f\feliskio\sleep-timer\1.2.0\feliskio.sleep-timer.installer.yaml"
"intxcc.pyaudio","0.2.11","1.1.1","intxcc","pyaudio_portaudio","https://github.com/intxcc/pyaudio_portaudio","https://github.com/intxcc/pyaudio_portaudio/releases/download/1.1.1/PyAudio-0.2.11.win-amd64-py3.7.msi","\manifests\i\intxcc\pyaudio\0.2.11\intxcc.pyaudio.installer.yaml"
"Databricks.DatabricksCLI","0.244.0","0.246.0","databricks","cli","https://github.com/databricks/cli","https://github.com/databricks/cli/releases/download/v0.244.0/databricks_cli_0.244.0_windows_amd64-signed.zip","\manifests\d\Databricks\DatabricksCLI\0.244.0\Databricks.DatabricksCLI.installer.yaml"
"Gawindx.WinNUT","2.0.7722","2.0.7722.30975","gawindx","WinNUT-Client","https://github.com/gawindx/WinNUT-Client","https://github.com/gawindx/WinNUT-Client/releases/download/v2.0.7722.30975/WinNUT-Setup.msi","\manifests\g\Gawindx\WinNUT\2.0.7722\Gawindx.WinNUT.installer.yaml"
"OpenBB-finance.OpenBBTerminal","3.2.4","4.4.2","OpenBB-finance","OpenBBTerminal","https://github.com/OpenBB-finance/OpenBBTerminal","https://github.com/OpenBB-finance/OpenBBTerminal/releases/download/v3.2.4/Windows.OpenBB.Terminal.v3.2.4.exe","\manifests\o\OpenBB-finance\OpenBBTerminal\3.2.4\OpenBB-finance.OpenBBTerminal.installer.yaml"
"evansmurithi.cloak","0.2.0","0.3.0","evansmurithi","cloak","https://github.com/evansmurithi/cloak","https://github.com/evansmurithi/cloak/releases/download/v0.2.0/cloak-v0.2.0-x86_64-pc-windows-msvc.zip","\manifests\e\evansmurithi\cloak\0.2.0\evansmurithi.cloak.installer.yaml"
"LyonBros.Turtl","0.7.2.6","0.7.3","turtl","desktop","https://github.com/turtl/desktop","https://github.com/turtl/desktop/releases/download/v0.7.2.6-pre-sync-fix/turtl-0.7.2.6-pre-sync-fix-windows64.msi","\manifests\l\LyonBros\Turtl\0.7.2.6\LyonBros.Turtl.installer.yaml"
"tazzben.Assessment-Disaggregation","1.5.14","1.7.1","tazzben","Assessment-Disaggregation","https://github.com/tazzben/Assessment-Disaggregation","https://github.com/tazzben/Assessment-Disaggregation/releases/download/v1.5.14/Assessment.Disaggregation-1.5.14.Setup.exe","\manifests\t\tazzben\Assessment-Disaggregation\1.5.14\tazzben.Assessment-Disaggregation.installer.yaml"
"Coq.CoqPlatform.Beta","2025.1.0","2025.01.0","coq","platform","https://github.com/coq/platform","https://github.com/coq/platform/releases/download/2025.01.0/Coq-Platform-release-2025.01.0-version.8.19.2024.10-Windows-x86_64_UNSIGNED.exe","\manifests\c\Coq\CoqPlatform\Beta\2025.1.0\Coq.CoqPlatform.Beta.installer.yaml"
"Rizonesoft.Notepad3","6.23.203.2","6.24.1221.1","rizonesoft","Notepad3","https://github.com/rizonesoft/Notepad3","https://github.com/rizonesoft/Notepad3/releases/download/RELEASE_6.23.203.2/Notepad3_6.23.203.2_x86_Setup.exe","\manifests\r\Rizonesoft\Notepad3\6.23.203.2\Rizonesoft.Notepad3.installer.yaml"
"HamsterBase.HamsterBase.Server","0.7.3","0.15.0","hamsterbase","hamsterbase","https://github.com/hamsterbase/hamsterbase","https://github.com/hamsterbase/hamsterbase/releases/download/0.7.3/hamsterbase-selfhosted-0.7.3-win-x64.exe","\manifests\h\HamsterBase\HamsterBase\Server\0.7.3\HamsterBase.HamsterBase.Server.installer.yaml"
"TeamRadarr.Radarr","5.21.1","5.21.1.9799","Radarr","Radarr","https://github.com/Radarr/Radarr","https://github.com/Radarr/Radarr/releases/download/v5.21.1.9799/Radarr.master.5.21.1.9799.windows-core-x86-installer.exe","\manifests\t\TeamRadarr\Radarr\5.21.1\TeamRadarr.Radarr.installer.yaml"
"Microsoft.quicreach","1.3.0","1.5.0","microsoft","quicreach","https://github.com/microsoft/quicreach","https://github.com/microsoft/quicreach/releases/download/v1.3.0/quicreach.msi","\manifests\m\Microsoft\quicreach\1.3.0\Microsoft.quicreach.installer.yaml"
"GianlucaPernigotto.Videomass","3.5.8","5.0.25","jeanslack","Videomass","https://github.com/jeanslack/Videomass","https://github.com/jeanslack/Videomass/releases/download/v.3.5.8/Videomass-v3.5.8-x86_64-Setup.exe","\manifests\g\GianlucaPernigotto\Videomass\3.5.8\GianlucaPernigotto.Videomass.installer.yaml"
"Shabinder.SpotiFlyer","3.6.3","3.6.4","Shabinder","SpotiFlyer","https://github.com/Shabinder/SpotiFlyer","https://github.com/Shabinder/SpotiFlyer/releases/download/v3.6.3/SpotiFlyer-3.6.3.msi","\manifests\s\Shabinder\SpotiFlyer\3.6.3\Shabinder.SpotiFlyer.installer.yaml"
"Warrensbox.TerraformSwitcher","0.13.1308","1.4.3","warrensbox","terraform-switcher","https://github.com/warrensbox/terraform-switcher","https://github.com/warrensbox/terraform-switcher/releases/download/0.13.1308/terraform-switcher_0.13.1308_windows_386.zip","\manifests\w\Warrensbox\TerraformSwitcher\0.13.1308\Warrensbox.TerraformSwitcher.installer.yaml"
"CarnegieMellonUniversity.Alice3","3.8.0.0","3.9.0.0","TheAliceProject","alice3","https://github.com/TheAliceProject/alice3","https://github.com/TheAliceProject/alice3/releases/download/3.8.0.0/alice3_windows-x64_installer_3_8_0_0+build_1046.exe","\manifests\c\CarnegieMellonUniversity\Alice3\3.8.0.0\CarnegieMellonUniversity.Alice3.installer.yaml"
"bee-san.Ares","0.10.0","0.11.0","bee-san","Ares","https://github.com/bee-san/Ares","https://github.com/bee-san/Ares/releases/download/v0.10.0/project_ares-v0.10.0-x86_64-pc-windows-msvc.zip","\manifests\b\bee-san\Ares\0.10.0\bee-san.Ares.installer.yaml"
"HakuNeko.HakuNeko.Nightly","8.3.4","6.1.7","manga-download","hakuneko","https://github.com/manga-download/hakuneko","https://github.com/manga-download/hakuneko/releases/download/nightly-20200705.1/hakuneko-desktop_8.3.4_windows-setup_amd64.exe","\manifests\h\HakuNeko\HakuNeko\Nightly\8.3.4\HakuNeko.HakuNeko.Nightly.installer.yaml"
"roryok.poe-writer","2.5.6","2.6.4","roryok","poe-auto-updater","https://github.com/roryok/poe-auto-updater","https://github.com/roryok/poe-auto-updater/releases/download/v2.5.6/poe-writer.2.5.6.exe","\manifests\r\roryok\poe-writer\2.5.6\roryok.poe-writer.installer.yaml"
"VoSoft.VicDiary","0.6.0","0.6.4","vo-soft","vic-diary-releases","https://github.com/vo-soft/vic-diary-releases","https://github.com/vo-soft/vic-diary-releases/releases/download/v0.6.0/vic-diary-0.6.0-setup.exe","\manifests\v\VoSoft\VicDiary\0.6.0\VoSoft.VicDiary.installer.yaml"
"WilbertBerendsen.Frescobaldi","3.3.0","4.0.1","frescobaldi","frescobaldi","https://github.com/frescobaldi/frescobaldi","https://github.com/frescobaldi/frescobaldi/releases/download/v3.3.0/Frescobaldi.Setup.3.3.0.exe","\manifests\w\WilbertBerendsen\Frescobaldi\3.3.0\WilbertBerendsen.Frescobaldi.installer.yaml"
"EFF.Certbot","2.9.0","3.3.0","certbot","certbot","https://github.com/certbot/certbot","https://github.com/certbot/certbot/releases/download/v2.9.0/certbot-beta-installer-win_amd64_signed.exe","\manifests\e\EFF\Certbot\2.9.0\EFF.Certbot.installer.yaml"
"zeankundev.suside","2.3.3","2.3.3.1","SerialDesignatorN","suside","https://github.com/SerialDesignatorN/suside","https://github.com/SerialDesignatorN/suside/releases/download/2.3.3.1/Suside_Installer_2.3.3_win.exe","\manifests\z\zeankundev\suside\2.3.3\zeankundev.suside.installer.yaml"
"anatawa12.ALCOM","1.0.1","1.9.0","vrc-get","vrc-get","https://github.com/vrc-get/vrc-get","https://github.com/vrc-get/vrc-get/releases/download/gui-v1.0.1/ALCOM-1.0.1-x86_64-setup.exe","\manifests\a\anatawa12\ALCOM\1.0.1\anatawa12.ALCOM.installer.yaml"
"1History.1History","0.3.3","0.3.4","1History","1History","https://github.com/1History/1History","https://github.com/1History/1History/releases/download/v0.3.3/1History_v0.3.3_x86_64-pc-windows-gnu.zip","\manifests\1\1History\1History\0.3.3\1History.1History.installer.yaml"
"GristLabs.GristDesktop","0.2.9","0.3.2","gristlabs","grist-desktop","https://github.com/gristlabs/grist-desktop","https://github.com/gristlabs/grist-desktop/releases/download/v0.2.9/grist-electron-windows-0.2.9-x64.exe","\manifests\g\GristLabs\GristDesktop\0.2.9\GristLabs.GristDesktop.installer.yaml"
"HiToysMaker.fontplayer","0.0.0","0.1.0","HiToysMaker","fontplayer","https://github.com/HiToysMaker/fontplayer","https://github.com/HiToysMaker/fontplayer/releases/download/v0.0.0/fontplayer-Setup-0.0.0.exe","\manifests\h\HiToysMaker\fontplayer\0.0.0\HiToysMaker.fontplayer.installer.yaml"
"OBSProject.OBSStudio.Pre-release","30.1.0","31.0.3","obsproject","obs-studio","https://github.com/obsproject/obs-studio","https://github.com/obsproject/obs-studio/releases/download/30.1.0-rc1/OBS-Studio-30.1-rc1-Full-Installer-x64.exe","\manifests\o\OBSProject\OBSStudio\Pre-release\30.1.0\OBSProject.OBSStudio.Pre-release.installer.yaml"
"PopcornTime.Popcorn-Time-Ru","0.4.9","0.5.1","popcorn-time-ru","popcorn-desktop","https://github.com/popcorn-time-ru/popcorn-desktop","https://github.com/popcorn-time-ru/popcorn-desktop/releases/download/v0.4.9/Popcorn-Time-0.4.9-win32-Setup.exe","\manifests\p\PopcornTime\Popcorn-Time-Ru\0.4.9\PopcornTime.Popcorn-Time-Ru.installer.yaml"
"FirebirdProject.Firebird.3","3.0.12.33787","5.0.2","FirebirdSQL","firebird","https://github.com/FirebirdSQL/firebird","https://github.com/FirebirdSQL/firebird/releases/download/v3.0.12/Firebird-3.0.12.33787-0-x64.exe","\manifests\f\FirebirdProject\Firebird\3\3.0.12.33787\FirebirdProject.Firebird.3.installer.yaml"
"FirebirdProject.Firebird.5","5.0.1.1469","5.0.2","FirebirdSQL","firebird","https://github.com/FirebirdSQL/firebird","https://github.com/FirebirdSQL/firebird/releases/download/v5.0.1/Firebird-5.0.1.1469-0-windows-x64.exe","\manifests\f\FirebirdProject\Firebird\5\5.0.1.1469\FirebirdProject.Firebird.5.installer.yaml"
"Riiid.pollapo","0.0.70","0.0.72","pbkit","pbkit","https://github.com/pbkit/pbkit","https://github.com/pbkit/pbkit/releases/download/v0.0.70/pollapo-windows-installer.msi","\manifests\r\Riiid\pollapo\0.0.70\Riiid.pollapo.installer.yaml"
"dremin.RetroBar","1.18","1.19.43","dremin","RetroBar","https://github.com/dremin/RetroBar","https://github.com/dremin/RetroBar/releases/download/v1.18.56/RetroBar.64-bit.zip","\manifests\d\dremin\RetroBar\1.18\dremin.RetroBar.installer.yaml"
"PhilipGerke.Odassey","3.0.4","3.2.0","pgerke","get-odassey","https://github.com/pgerke/get-odassey","https://github.com/pgerke/get-odassey/releases/download/v3.0.4/Odassey_win_x64_v3.0.4.exe","\manifests\p\PhilipGerke\Odassey\3.0.4\PhilipGerke.Odassey.installer.yaml"
"GNU.MidnightCommander","4.8.31","4.8.33.231","adamyg","mcwin32","https://github.com/adamyg/mcwin32","https://github.com/adamyg/mcwin32/releases/download/4.8.31.230/mcwin32-build230-setup.exe","\manifests\g\GNU\MidnightCommander\4.8.31\GNU.MidnightCommander.installer.yaml"
"PatentLobster.stinker","0.2.3","0.3.2","PatentLobster","stinker","https://github.com/PatentLobster/stinker","https://github.com/PatentLobster/stinker/releases/download/v0.2.3/Stinker-Setup-0.2.3.exe","\manifests\p\PatentLobster\stinker\0.2.3\PatentLobster.stinker.installer.yaml"
"badboysm890.Clara","1.1.0","1.2.2","badboysm890","ClaraVerse","https://github.com/badboysm890/ClaraVerse","https://github.com/badboysm890/ClaraVerse/releases/download/v1.1.0/Clara-Setup-1.1.0.exe","\manifests\b\badboysm890\Clara\1.1.0\badboysm890.Clara.installer.yaml"
"Anker.AnkerMake","1.5.25","1.5.26","ankermake","AnkerMake-PrusaSlicer-Release","https://github.com/ankermake/AnkerMake-PrusaSlicer-Release","https://github.com/ankermake/AnkerMake-PrusaSlicer-Release/releases/download/v1.5.25/AnkerMake_Studio_V1.5.25.5_E1.8.0.exe","\manifests\a\Anker\AnkerMake\1.5.25\Anker.AnkerMake.installer.yaml"
"NDXCode.EclipseFlashTool","1.8","1.10","NDXCode","Eclipse-Flash-Tool","https://github.com/NDXCode/Eclipse-Flash-Tool","https://github.com/NDXCode/Eclipse-Flash-Tool/releases/download/v1.8-x86/Eclipse.Flash.Tool-v1.8-x86.exe","\manifests\n\NDXCode\EclipseFlashTool\1.8\NDXCode.EclipseFlashTool.installer.yaml"
"UniversalMediaServer.UniversalMediaServer","14.5.1","14.11.0","UniversalMediaServer","UniversalMediaServer","https://github.com/UniversalMediaServer/UniversalMediaServer","https://github.com/UniversalMediaServer/UniversalMediaServer/releases/download/14.5.1/UMS-14.5.1.exe","\manifests\u\UniversalMediaServer\UniversalMediaServer\14.5.1\UniversalMediaServer.UniversalMediaServer.installer.yaml"
"MCreator.MCreator","2024.4.52410","2025.1.13416","MCreator","MCreator","https://github.com/MCreator/MCreator","https://github.com/MCreator/MCreator/releases/download/2024.4.52410/MCreator.2024.4.Windows.64bit.exe","\manifests\m\MCreator\MCreator\2024.4.52410\MCreator.MCreator.installer.yaml"
"LukeBriggs.Pepys","1.5.4","1.5.5","LukeBriggsDev","Pepys","https://github.com/LukeBriggsDev/Pepys","https://github.com/LukeBriggsDev/Pepys/releases/download/v1.5.4/pepys.1.5.4.win.x86_64.installer.exe","\manifests\l\LukeBriggs\Pepys\1.5.4\LukeBriggs.Pepys.installer.yaml"
"Prometheus.WMIExporter","0.24.0","0.30.5","prometheus-community","windows_exporter","https://github.com/prometheus-community/windows_exporter","https://github.com/prometheus-community/windows_exporter/releases/download/v0.24.0/windows_exporter-0.24.0-386.msi","\manifests\p\Prometheus\WMIExporter\0.24.0\Prometheus.WMIExporter.installer.yaml"
"wordmark.wordmark","3.0.2","3.1.2","wordmark","wordmark","https://github.com/wordmark/wordmark","https://github.com/wordmark/wordmark/releases/download/v3.0.2/WordMark3-Setup-3.0.2.exe","\manifests\w\wordmark\wordmark\3.0.2\wordmark.wordmark.installer.yaml"
"Streamway.OBSPlugin","1","0.1.0.0","streamwayin","obs-multistream","https://github.com/streamwayin/obs-multistream","https://github.com/streamwayin/obs-multistream/releases/download/0.1.0.0/Streamway_multistreaming_plugin.exe","\manifests\s\Streamway\OBSPlugin\1\Streamway.OBSPlugin.installer.yaml"
"bronya0.Kafka-King","0.26","0.38","Bronya0","Kafka-King","https://github.com/Bronya0/Kafka-King","https://github.com/Bronya0/Kafka-King/releases/download/v0.26/kafka-King-v0.26-windows-2022.zip","\manifests\b\bronya0\Kafka-King\0.26\bronya0.Kafka-King.installer.yaml"
"JaydenDev.Catalyst3","3.2.2","3.9.6","JaydenDev","Catalyst","https://github.com/JaydenDev/Catalyst","https://github.com/JaydenDev/Catalyst/releases/download/v3.2.2/catalyst-3.2.2.Setup.exe","\manifests\j\JaydenDev\Catalyst3\3.2.2\JaydenDev.Catalyst3.installer.yaml"
"Suwayomi.Tachidesk-JUI","1.3.2","1.3.3","Suwayomi","Tachidesk-JUI","https://github.com/Suwayomi/Tachidesk-JUI","https://github.com/Suwayomi/Tachidesk-JUI/releases/download/v1.3.2/Tachidesk-JUI-windows-x64-1.3.2.msi","\manifests\s\Suwayomi\Tachidesk-JUI\1.3.2\Suwayomi.Tachidesk-JUI.installer.yaml"
"Telegrafer.Telegrafer","0.0.2","0.0.16","Timo-Weike","Telegrafer","https://github.com/Timo-Weike/Telegrafer","https://github.com/Timo-Weike/Telegrafer/releases/download/v0.0.2/Telegrafer.WindowsInstaller.msi","\manifests\t\Telegrafer\Telegrafer\0.0.2\Telegrafer.Telegrafer.installer.yaml"
"calibre.calibre.portable","8.1.1.0","8.2.1","kovidgoyal","calibre","https://github.com/kovidgoyal/calibre","https://github.com/kovidgoyal/calibre/releases/download/v8.1.1/calibre-portable-installer-8.1.1.exe","\manifests\c\calibre\calibre\portable\8.1.1.0\calibre.calibre.portable.installer.yaml"
"Mozilla.SOPS","3.7.3","3.10.1","mozilla","sops","https://github.com/mozilla/sops","https://github.com/mozilla/sops/releases/download/v3.7.3/sops-v3.7.3.exe","\manifests\m\Mozilla\SOPS\3.7.3\Mozilla.SOPS.installer.yaml"
"FirebirdProject.Firebird.4","4.0.5.3140","5.0.2","FirebirdSQL","firebird","https://github.com/FirebirdSQL/firebird","https://github.com/FirebirdSQL/firebird/releases/download/v4.0.5/Firebird-4.0.5.3140-0-x64.exe","\manifests\f\FirebirdProject\Firebird\4\4.0.5.3140\FirebirdProject.Firebird.4.installer.yaml"
"TaurusXin.ncmdump","1.1","1.5.0","taurusxin","ncmdump","https://github.com/taurusxin/ncmdump","https://github.com/taurusxin/ncmdump/releases/download/1.1/ncmdump-windows-amd64-static-1.1.zip","\manifests\t\TaurusXin\ncmdump\1.1\TaurusXin.ncmdump.installer.yaml"
"RonyShapiro.PasswordSafe","3.66.1","1.21.0","pwsafe","pwsafe","https://github.com/pwsafe/pwsafe","https://github.com/pwsafe/pwsafe/releases/download/3.66.1/pwsafe-3.66.1.msi","\manifests\r\RonyShapiro\PasswordSafe\3.66.1\RonyShapiro.PasswordSafe.installer.yaml"
"just-install.just-install","3.4.4","3.4.9","just-install","just-install","https://github.com/just-install/just-install","https://github.com/just-install/just-install/releases/download/v3.4.4/just-install.msi","\manifests\j\just-install\just-install\3.4.4\just-install.just-install.installer.yaml"
"Kanaries.Rath","1.0.0","2.1.0","Kanaries","Rath","https://github.com/Kanaries/Rath","https://github.com/Kanaries/Rath/releases/download/1.0.0-beta/Kanaries.Rath.Setup.1.0.0.exe","\manifests\k\Kanaries\Rath\1.0.0\Kanaries.Rath.installer.yaml"
"alexpasmantier.television","0.10.7","0.11.5","alexpasmantier","television","https://github.com/alexpasmantier/television","https://github.com/alexpasmantier/television/releases/download/0.10.7/tv-0.10.7-windows-x86_64.zip","\manifests\a\alexpasmantier\television\0.10.7\alexpasmantier.television.installer.yaml"
"MichalDuda.VookiImageViewer","25.02.15","2025.02.15","vookimedlo","vooki-image-viewer","https://github.com/vookimedlo/vooki-image-viewer","https://github.com/vookimedlo/vooki-image-viewer/releases/download/v2025.02.15/VookiImageViewer-2025.02.15-win64-x64.msi","\manifests\m\MichalDuda\VookiImageViewer\25.02.15\MichalDuda.VookiImageViewer.installer.yaml"
"succlz123.AcFun","1.0.4","1.0.5","succlz123","AcFun-Client-Multiplatform","https://github.com/succlz123/AcFun-Client-Multiplatform","https://github.com/succlz123/AcFun-Client-Multiplatform/releases/download/v1.0.4/AcFun-Windows-1.0.4.msi","\manifests\s\succlz123\AcFun\1.0.4\succlz123.AcFun.installer.yaml"
"univrsal.input-overlay","5.0.4","5.0.6","univrsal","input-overlay","https://github.com/univrsal/input-overlay","https://github.com/univrsal/input-overlay/releases/download/v5.0.4/input-overlay-5.0.4-windows-x86-Installer.exe","\manifests\u\univrsal\input-overlay\5.0.4\univrsal.input-overlay.installer.yaml"
"monsterkodi.clippo","1.35.0","1.40.0","monsterkodi","clippo","https://github.com/monsterkodi/clippo","https://github.com/monsterkodi/clippo/releases/download/v1.35.0/clippo-1.35.0-setup.exe","\manifests\m\monsterkodi\clippo\1.35.0\monsterkodi.clippo.installer.yaml"
"GlyphrStudio.Desktop","0.5.6","0.6.0","glyphr-studio","Glyphr-Studio-Desktop","https://github.com/glyphr-studio/Glyphr-Studio-Desktop","https://github.com/glyphr-studio/Glyphr-Studio-Desktop/releases/download/v0.5.6/Glyphr.Studio.Setup.0.5.6.exe","\manifests\g\GlyphrStudio\Desktop\0.5.6\GlyphrStudio.Desktop.installer.yaml"
"mak448a.Qtcord","0.0.21","0.0.22","mak448a","Qtcord","https://github.com/mak448a/Qtcord","https://github.com/mak448a/Qtcord/releases/download/v0.0.21/Qtcord-Windows.zip","\manifests\m\mak448a\Qtcord\0.0.21\mak448a.Qtcord.installer.yaml"
"WinFsp.WinFsp","2.0.23075","2.0","winfsp","winfsp","https://github.com/winfsp/winfsp","https://github.com/winfsp/winfsp/releases/download/v2.0/winfsp-2.0.23075.msi","\manifests\w\WinFsp\WinFsp\2.0.23075\WinFsp.WinFsp.installer.yaml"
"ZAP.ZAP","2.16.0","2.16.1","zaproxy","zaproxy","https://github.com/zaproxy/zaproxy","https://github.com/zaproxy/zaproxy/releases/download/v2.16.0/ZAP_2_16_0_windows.exe","\manifests\z\ZAP\ZAP\2.16.0\ZAP.ZAP.installer.yaml"
"Thewh1teagle.Serust","0.0.1","0.0.3","thewh1teagle","serust","https://github.com/thewh1teagle/serust","https://github.com/thewh1teagle/serust/releases/download/v0.0.1/serust_v0.0.1_x86_64-pc-windows-gnu.zip","\manifests\t\Thewh1teagle\Serust\0.0.1\Thewh1teagle.Serust.installer.yaml"
"RandyHollines.Objeck","2024.4.1","2025.3.0","objeck","objeck-lang","https://github.com/objeck/objeck-lang","https://github.com/objeck/objeck-lang/releases/download/v2024.4.1/objeck-windows-x64_2024.4.1.msi","\manifests\r\RandyHollines\Objeck\2024.4.1\RandyHollines.Objeck.installer.yaml"
"Nethermind.Nethermind","1.31.4","1.31.6","NethermindEth","nethermind","https://github.com/NethermindEth/nethermind","https://github.com/NethermindEth/nethermind/releases/download/1.31.4/nethermind-1.31.4-294a2029-windows-x64.zip","\manifests\n\Nethermind\Nethermind\1.31.4\Nethermind.Nethermind.installer.yaml"
"GPBeta.SAOUtils.Exp","0.5.2.12300","1.2.1","NERvGear","SAO-Utils","https://github.com/NERvGear/SAO-Utils","https://github.com/NERvGear/SAO-Utils/releases/download/0.5.2/sao_utils_exp1_update2.exe","\manifests\g\GPBeta\SAOUtils\Exp\0.5.2.12300\GPBeta.SAOUtils.Exp.installer.yaml"
"RomanKubiak.Ctrlr","5.6.0","5.5.9","RomanKubiak","ctrlr","https://github.com/RomanKubiak/ctrlr","https://github.com/RomanKubiak/ctrlr/releases/download/5.6.0/Ctrlr-5.6.0.exe # DisplayVersion is set incorrectly;","\manifests\r\RomanKubiak\Ctrlr\5.6.0\RomanKubiak.Ctrlr.installer.yaml"
"WinFsp.WinFsp.Beta","2.1.24255","2.0","winfsp","winfsp","https://github.com/winfsp/winfsp","https://github.com/winfsp/winfsp/releases/download/v2.1B2/winfsp-2.1.24255.msi","\manifests\w\WinFsp\WinFsp\Beta\2.1.24255\WinFsp.WinFsp.Beta.installer.yaml"
"Tautulli.Tautulli","2.15.1.1","2.15.1","Tautulli","Tautulli","https://github.com/Tautulli/Tautulli","https://github.com/Tautulli/Tautulli/releases/download/v2.15.1/Tautulli-windows-v2.15.1-x64.exe","\manifests\t\Tautulli\Tautulli\2.15.1.1\Tautulli.Tautulli.installer.yaml"
"ChristianHohnstadt.xca","2.4.0","2.9.0","chris2511","xca","https://github.com/chris2511/xca","https://github.com/chris2511/xca/releases/download/RELEASE.2.4.0/xca-2.4.0.msi","\manifests\c\ChristianHohnstadt\xca\RELEASE.2.4.0\ChristianHohnstadt.xca.installer.yaml"
"zokugun.MrCode","1.82.0.23253","1.98.2.25077","zokugun","MrCode","https://github.com/zokugun/MrCode","https://github.com/zokugun/MrCode/releases/download/1.82.0.23253/MrCodeUserSetup-ia32-1.82.0.23253.exe","\manifests\z\zokugun\MrCode\1.82.0.23253\zokugun.MrCode.installer.yaml"
"JonasJohn.RED.Beta","2.3","2.2","hxseven","Remove-Empty-Directories","https://github.com/hxseven/Remove-Empty-Directories","https://github.com/hxseven/Remove-Empty-Directories/releases/download/2.3-beta.0/red-v2.3-beta.0-setup.exe","\manifests\j\JonasJohn\RED\Beta\2.3\JonasJohn.RED.Beta.installer.yaml"
"EDRLab.Thorium","3.1.0","3.1.1","edrlab","thorium-reader","https://github.com/edrlab/thorium-reader","https://github.com/edrlab/thorium-reader/releases/download/v3.1.0/Thorium.Setup.3.1.0.exe","\manifests\e\EDRLab\Thorium\3.1.0\EDRLab.Thorium.installer.yaml"
"GitExtensionsTeam.GitExtensions","5.1.1","5.2.1","gitextensions","gitextensions","https://github.com/gitextensions/gitextensions","https://github.com/gitextensions/gitextensions/releases/download/v5.1.1/GitExtensions-x64-5.1.1.17970-939c0edba.msi","\manifests\g\GitExtensionsTeam\GitExtensions\5.1.1\GitExtensionsTeam.GitExtensions.installer.yaml"
"GiulioSorrentino.Diario.Avalonia","0.6.0.4","0.6","GiulianoSpaghetti","Diario.Material","https://github.com/GiulianoSpaghetti/Diario.Material","https://github.com/GiulianoSpaghetti/Diario.Material/releases/download/0.6/Diario-0.6.0.4-material-amd64.msi","\manifests\g\GiulioSorrentino\Diario\Avalonia\0.6.0.4\GiulioSorrentino.Diario.Avalonia.installer.yaml"
"SatoshiLabs.trezor-suite","25.2.2","24.5.4","trezor","trezor-suite","https://github.com/trezor/trezor-suite","https://github.com/trezor/trezor-suite/releases/download/v25.2.2/Trezor-Suite-25.2.2-win-x64.exe","\manifests\s\SatoshiLabs\trezor-suite\25.2.2\SatoshiLabs.trezor-suite.installer.yaml"
"ironfede.StructuredStorageXplorer","2.3.1.0","2.4.1.0","ironfede","openmcdf","https://github.com/ironfede/openmcdf","https://github.com/ironfede/openmcdf/releases/download/v2.3.1.0/StructuredStorageXplorer.zip","\manifests\i\ironfede\StructuredStorageXplorer\2.3.1.0\ironfede.StructuredStorageXplorer.installer.yaml"
"DanielMcGuireCorporation.SimpleBrowser","2.5.1","2.5.1.2","Daniel-McGuire-Corporation","Simple-Browser","https://github.com/Daniel-McGuire-Corporation/Simple-Browser","https://github.com/Daniel-McGuire-Corporation/Simple-Browser/releases/download/v2.5.1.2/SimpleBrowserSetup.exe","\manifests\d\DanielMcGuireCorporation\SimpleBrowser\2.5.1\DanielMcGuireCorporation.SimpleBrowser.installer.yaml"
"TianZhen.NeatChat","1.1.19","1.2.0","tianzhentech","NeatChat","https://github.com/tianzhentech/NeatChat","https://github.com/tianzhentech/NeatChat/releases/download/v1.1.19/NeatChat_1.1.19_x64-setup.exe","\manifests\t\TianZhen\NeatChat\1.1.19\TianZhen.NeatChat.installer.yaml"
"RIA.DigiDoc4","4.7.0.5322","4.7.0","open-eid","DigiDoc4-Client","https://github.com/open-eid/DigiDoc4-Client","https://github.com/open-eid/DigiDoc4-Client/releases/download/v4.7.0/Digidoc4-4.7.0.5322.x64.qt.msi","\manifests\r\RIA\DigiDoc4\4.7.0.5322\RIA.DigiDoc4.installer.yaml"
"Suwayomi.Tachidesk-Server","0.7.0","1.1.1","Suwayomi","Tachidesk-Server","https://github.com/Suwayomi/Tachidesk-Server","https://github.com/Suwayomi/Tachidesk-Server/releases/download/v0.7.0/Tachidesk-Server-v0.7.0-r1197-windows-x64.msi","\manifests\s\Suwayomi\Tachidesk-Server\0.7.0\Suwayomi.Tachidesk-Server.installer.yaml"
"Sandboxie.Classic","5.70.8","1.15.9","sandboxie-plus","Sandboxie","https://github.com/sandboxie-plus/Sandboxie","https://github.com/sandboxie-plus/Sandboxie/releases/download/v1.15.8/Sandboxie-Classic-x86-v5.70.8.exe","\manifests\s\Sandboxie\Classic\5.70.8\Sandboxie.Classic.installer.yaml"
"Timthreetwelve.WUView","0.5.24.0","0.6.2","Timthreetwelve","WUView","https://github.com/Timthreetwelve/WUView","https://github.com/Timthreetwelve/WUView/releases/download/v0.5.24/WindowsUpdateViewer_0.5.24.0_Setup.exe","\manifests\t\Timthreetwelve\WUView\0.5.24.0\Timthreetwelve.WUView.installer.yaml"
"Microsoft.Azure.Aztfy","0.10.0","0.17.1","Azure","aztfy","https://github.com/Azure/aztfy","https://github.com/Azure/aztfy/releases/download/v0.10.0/aztfy_v0.10.0_x64.msi","\manifests\m\Microsoft\Azure\Aztfy\0.10.0\Microsoft.Azure.Aztfy.installer.yaml"
"open-source-labs.ReacType","11.0.0","21.0.0","open-source-labs","ReacType","https://github.com/open-source-labs/ReacType","https://github.com/open-source-labs/ReacType/releases/download/v11.0.0/ReacType.11.0.0.Windows.Installer.msi","\manifests\o\open-source-labs\ReacType\11.0.0\open-source-labs.ReacType.installer.yaml"
"RandomEngy.VidCoder.Beta","10.1.0","11.11","RandomEngy","VidCoder","https://github.com/RandomEngy/VidCoder","https://github.com/RandomEngy/VidCoder/releases/download/v10.1-beta/VidCoder-10.1-Beta.exe","\manifests\r\RandomEngy\VidCoder\Beta\10.1.0\RandomEngy.VidCoder.Beta.installer.yaml"
"FleetingClarityStudios.RipShout","1.0.6","1.2","Echostorm44","RipShout","https://github.com/Echostorm44/RipShout","https://github.com/Echostorm44/RipShout/releases/download/1.0.6/SetupRipShout.msi","\manifests\f\FleetingClarityStudios\RipShout\1.0.6\FleetingClarityStudios.RipShout.installer.yaml"
"babalae.BetterGI","0.19.0","0.44","babalae","better-genshin-impact","https://github.com/babalae/better-genshin-impact","https://github.com/babalae/better-genshin-impact/releases/download/0.19.0/BetterGI.v0.19.0.zip","\manifests\b\babalae\BetterGI\0.19.0\babalae.BetterGI.installer.yaml"
"GoHarbor.Harbor","0.0.2","0.0.3","goharbor","harbor-cli","https://github.com/goharbor/harbor-cli","https://github.com/goharbor/harbor-cli/releases/download/v0.0.2/harbor_0.0.2_windows_amd64.zip","\manifests\g\GoHarbor\Harbor\0.0.2\GoHarbor.Harbor.installer.yaml"
"Pierre.Museeks","0.13.1","0.20.9","martpie","museeks","https://github.com/martpie/museeks","https://github.com/martpie/museeks/releases/download/0.13.1/museeks-ia32-setup.exe","\manifests\p\Pierre\Museeks\0.13.1\Pierre.Museeks.installer.yaml"
"PeterStrick.ViVeTool-GUI","1.6.2","1.6.999.3","PeterStrick","ViVeTool-GUI","https://github.com/PeterStrick/ViVeTool-GUI","https://github.com/PeterStrick/ViVeTool-GUI/releases/download/v1.6.2/ViVeTool.GUI.Setup.exe","\manifests\p\PeterStrick\ViVeTool-GUI\1.6.2\PeterStrick.ViVeTool-GUI.installer.yaml"
"Bforartists.Bforartists","4.3.3","4.4.0","Bforartists","Bforartists","https://github.com/Bforartists/Bforartists","https://github.com/Bforartists/Bforartists/releases/download/v4.3.3/Install_Bforartists4_433.exe","\manifests\b\Bforartists\Bforartists\4.3.3\Bforartists.Bforartists.installer.yaml"
"Scorpio.sco","2.3.10","2.7.0","qingfeng346","Scorpio-CSharp","https://github.com/qingfeng346/Scorpio-CSharp","https://github.com/qingfeng346/Scorpio-CSharp/releases/download/v2.3.10/sco-2.3.10-win-x64.msi","\manifests\s\Scorpio\sco\2.3.10\Scorpio.sco.installer.yaml"
"picturama.picturama","1.3.1","1.3.0","picturama","picturama","https://github.com/picturama/picturama","https://github.com/picturama/picturama/releases/download/v1.3.0/Picturama.Setup.1.3.1.exe","\manifests\p\picturama\picturama\1.3.1\picturama.picturama.installer.yaml"
"Amulet.Amulet","1.21.10","1.21.11","ianmaclarty","amulet","https://github.com/ianmaclarty/amulet","https://github.com/ianmaclarty/amulet/releases/download/v1.21.10/amulet-v1.21.10-windows.exe","\manifests\a\Amulet\Amulet\1.21.10\Amulet.Amulet.installer.yaml"
"e2eSoft.iVCam","7.3.4","7.3","e2eSoft","products","https://github.com/e2eSoft/products","https://github.com/e2eSoft/products/releases/download/v7.3/iVCam_x86_v7.3.4.exe","\manifests\e\e2eSoft\iVCam\7.3.4\e2eSoft.iVCam.installer.yaml"
"YutakaSawada.MultiPar","1.3.2.9","1.3.3.4","Yutaka-Sawada","MultiPar","https://github.com/Yutaka-Sawada/MultiPar","https://github.com/Yutaka-Sawada/MultiPar/releases/download/v1.3.2.9/MultiPar132_setup.exe","\manifests\y\YutakaSawada\MultiPar\1.3.2.9\YutakaSawada.MultiPar.installer.yaml"
"amitmerchant1990.electron-markdownify","1.1.6","1.4.1","amitmerchant1990","electron-markdownify","https://github.com/amitmerchant1990/electron-markdownify","https://github.com/amitmerchant1990/electron-markdownify/releases/download/v1.1.6/Markdownify-1.1.6.exe","\manifests\a\amitmerchant1990\electron-markdownify\1.1.6\amitmerchant1990.electron-markdownify.installer.yaml"
"KraXen72.crankshaft","1.8.0","1.9.0","KraXen72","crankshaft","https://github.com/KraXen72/crankshaft","https://github.com/KraXen72/crankshaft/releases/download/1.8.0/crankshaft-setup-win-ia32.exe","\manifests\k\KraXen72\crankshaft\1.8.0\KraXen72.crankshaft.installer.yaml"
"Fastfetch-cli.Fastfetch","2.40.0","2.40.2","fastfetch-cli","fastfetch","https://github.com/fastfetch-cli/fastfetch","https://github.com/fastfetch-cli/fastfetch/releases/download/2.40.0/fastfetch-windows-amd64.zip","\manifests\f\Fastfetch-cli\Fastfetch\2.40.0\Fastfetch-cli.Fastfetch.installer.yaml"
"OpenRocket.OpenRocket","22.02","23.09","openrocket","openrocket","https://github.com/openrocket/openrocket","https://github.com/openrocket/openrocket/releases/download/release-22.02/OpenRocket-22.02-Windows.exe","\manifests\o\OpenRocket\OpenRocket\22.02\OpenRocket.OpenRocket.installer.yaml"
"DownloadHelper.VdhCoApp","1.6.3","2.0.19","mi-g","vdhcoapp","https://github.com/mi-g/vdhcoapp","https://github.com/mi-g/vdhcoapp/releases/download/v1.6.3/VdhCoAppSetup-1.6.3.exe","\manifests\d\DownloadHelper\VdhCoApp\1.6.3\DownloadHelper.VdhCoApp.installer.yaml"
"Serverless.Serverless","3.39.0","4.11.1","serverless","serverless","https://github.com/serverless/serverless","https://github.com/serverless/serverless/releases/download/v3.39.0/serverless-win-x64.exe","\manifests\s\Serverless\Serverless\3.39.0\Serverless.Serverless.installer.yaml"
"williamnie.NetSend","2.0.5","2.0.5.5","williamnie","netSend","https://github.com/williamnie/netSend","https://github.com/williamnie/netSend/releases/download/v2.0.5.5/NetSend.Setup.2.0.5.exe","\manifests\w\williamnie\NetSend\2.0.5\williamnie.NetSend.installer.yaml"
"skypjack.QSapecNG","2.0.0","2.1.1","skypjack","qsapecng","https://github.com/skypjack/qsapecng","https://github.com/skypjack/qsapecng/releases/download/v2.0.0/QSapecNG-2.0.0-win32.exe","\manifests\s\skypjack\QSapecNG\2.0.0\skypjack.QSapecNG.installer.yaml"
"Dlang.VisualD","1.3.1","1.4.0","dlang","visuald","https://github.com/dlang/visuald","https://github.com/dlang/visuald/releases/download/v1.3.1/VisualD-v1.3.1-dmd-2.100.2-ldc2-1.30.0.exe","\manifests\d\Dlang\VisualD\1.3.1\Dlang.VisualD.installer.yaml"
"TUG.TeXworks","0.6.9","0.6.10","TeXworks","texworks","https://github.com/TeXworks/texworks","https://github.com/TeXworks/texworks/releases/download/release-0.6.9/TeXworks-win10-setup-0.6.9-202402120657-git_68a2e99.exe","\manifests\t\TUG\TeXworks\0.6.9\TUG.TeXworks.installer.yaml"
"elieserdejesus.JamTaba","1","2.1.16","elieserdejesus","JamTaba","https://github.com/elieserdejesus/JamTaba","https://github.com/elieserdejesus/JamTaba/releases/download/v2.1.16/Jamtaba.2.64.bits.installer.exe","\manifests\e\elieserdejesus\JamTaba\1\elieserdejesus.JamTaba.installer.yaml"
"CryptoTrust.OnlyKeyApp","5.3.6","5.5.0","trustcrypto","OnlyKey-App","https://github.com/trustcrypto/OnlyKey-App","https://github.com/trustcrypto/OnlyKey-App/releases/download/v5.3.6/OnlyKey_5.3.6.exe","\manifests\c\CryptoTrust\OnlyKeyApp\5.3.6\CryptoTrust.OnlyKeyApp.installer.yaml"
"ImageOptim.gifski","1.14.4","1.33.0","ImageOptim","gifski","https://github.com/ImageOptim/gifski","https://github.com/ImageOptim/gifski/releases/download/1.14.4/gifski_1.14.4_x64_en-US.msi","\manifests\i\ImageOptim\gifski\1.14.4\ImageOptim.gifski.installer.yaml"
"stax76.run-hidden","1.2","1.4","stax76","run-hidden","https://github.com/stax76/run-hidden","https://github.com/stax76/run-hidden/releases/download/v1.2/run-hidden-v1.2.zip","\manifests\s\stax76\run-hidden\1.2\stax76.run-hidden.installer.yaml"
"GiulioSorrentino.WinDateFrom","4.7.0.1","4.7","GiulianoSpaghetti","WinDateFrom.avalonia","https://github.com/GiulianoSpaghetti/WinDateFrom.avalonia","https://github.com/GiulianoSpaghetti/WinDateFrom.avalonia/releases/download/4.7/WinDateFrom.Avalonia-4.7.0.1-amd64.msi","\manifests\g\GiulioSorrentino\WinDateFrom\4.7.0.1\GiulioSorrentino.WinDateFrom.installer.yaml"
"z-------------.cpod.Pre-release","1.3.0","1.28.2","z-------------","CPod","https://github.com/z-------------/CPod","https://github.com/z-------------/CPod/releases/download/v1.3.0-beta/Cumulonimbus.Setup.1.3.0.exe","\manifests\z\z-------------\cpod\Pre-release\1.3.0\z-------------.cpod.Pre-release.installer.yaml"
"Drawpile.Drawpile","2.2.1","2.2.2","drawpile","Drawpile","https://github.com/drawpile/Drawpile","https://github.com/drawpile/Drawpile/releases/download/2.2.1/Drawpile-2.2.1-32bit.msi","\manifests\d\Drawpile\Drawpile\2.2.1\Drawpile.Drawpile.installer.yaml"
"TrustedRu.CryptoARMGOST","2.5","2.5.12","CryptoARM","CryptoARMGOST","https://github.com/CryptoARM/CryptoARMGOST","https://github.com/CryptoARM/CryptoARMGOST/releases/download/v2.5.12/cryptoarm-gost-v2.5.12-win32-x64.msi","\manifests\t\TrustedRu\CryptoARMGOST\2.5\TrustedRu.CryptoARMGOST.installer.yaml"
"hmatuschek.kochmorse","3.5.0","3.5.1","hmatuschek","kochmorse","https://github.com/hmatuschek/kochmorse","https://github.com/hmatuschek/kochmorse/releases/download/v3.5.0/kochmorse-3.5.0-setup.exe","\manifests\h\hmatuschek\kochmorse\3.5.0\hmatuschek.kochmorse.installer.yaml"
"willnewii.qiniuClient","0.0.9","0.3.0","willnewii","qiniuClient","https://github.com/willnewii/qiniuClient","https://github.com/willnewii/qiniuClient/releases/download/0.0.9/qiniu.client-0.0.9-win.exe","\manifests\w\willnewii\qiniuClient\0.0.9\willnewii.qiniuClient.installer.yaml"
"SnapmakerDevTeam.SnapmakerLuban","4.4.0","4.15.0","Snapmaker","Luban","https://github.com/Snapmaker/Luban","https://github.com/Snapmaker/Luban/releases/download/v4.4.0/Snapmaker-Luban-4.4.0-win-ia32.exe","\manifests\s\SnapmakerDevTeam\SnapmakerLuban\4.4.0\SnapmakerDevTeam.SnapmakerLuban.installer.yaml"
